month,revenue,mom_growth_pct,running_total
2017-01,111798.36,,111798.36
2017-02,234223.40,109.5,346021.76
2017-03,359198.85,53.4,705220.61
2017-04,340669.68,-5.2,1045890.29
2017-05,489338.25,43.6,1535228.54
2017-06,421923.37,-13.8,1957151.91
2017-07,481604.52,14.1,2438756.43
2017-08,554699.70,15.2,2993456.13
2017-09,607399.67,9.5,3600855.80
2017-10,648247.65,6.7,4249103.45
2017-11,987765.37,52.4,5236868.82
2017-12,726033.19,-26.5,5962902.01
2018-01,924645.00,27.4,6887547.01
2018-02,826437.13,-10.6,7713984.14
2018-03,953356.25,15.4,8667340.39
2018-04,973534.09,2.1,9640874.48
2018-05,977544.69,0.4,10618419.17
2018-06,856077.86,-12.4,11474497.03
2018-07,867953.46,1.4,12342450.49
2018-08,838576.64,-3.4,13181027.13
