month,revenue,moving_avg_3m
2017-01,111798.36,111798.36
2017-02,234223.40,173010.88
2017-03,359198.85,235073.54
2017-04,340669.68,311363.98
2017-05,489338.25,396402.26
2017-06,421923.37,417310.43
2017-07,481604.52,464288.71
2017-08,554699.70,486075.86
2017-09,607399.67,547901.30
2017-10,648247.65,603449.01
2017-11,987765.37,747804.23
2017-12,726033.19,787348.74
2018-01,924645.00,879481.19
2018-02,826437.13,825705.11
2018-03,953356.25,901479.46
2018-04,973534.09,917775.82
2018-05,977544.69,968145.01
2018-06,856077.86,935718.88
2018-07,867953.46,900525.34
2018-08,838576.64,854202.65
