cohort,month_offset,active_customers,retention_pct
2017-01,0,717,100.00
2017-01,1,2,0.28
2017-01,2,2,0.28
2017-01,3,1,0.14
2017-01,4,3,0.42
2017-01,5,1,0.14
2017-01,6,3,0.42
2017-02,0,1628,100.00
2017-02,1,3,0.18
2017-02,2,5,0.31
2017-02,3,2,0.12
2017-02,4,7,0.43
2017-02,5,2,0.12
2017-02,6,4,0.25
2017-03,0,2503,100.00
2017-03,1,11,0.44
2017-03,2,9,0.36
2017-03,3,10,0.40
2017-03,4,9,0.36
2017-03,5,4,0.16
2017-03,6,4,0.16
2017-04,0,2256,100.00
2017-04,1,14,0.62
2017-04,2,5,0.22
2017-04,3,4,0.18
2017-04,4,6,0.27
2017-04,5,6,0.27
2017-04,6,8,0.35
2017-05,0,3451,100.00
2017-05,1,16,0.46
2017-05,2,16,0.46
2017-05,3,10,0.29
2017-05,4,10,0.29
2017-05,5,11,0.32
2017-05,6,14,0.41
2017-06,0,3037,100.00
2017-06,1,15,0.49
2017-06,2,12,0.40
2017-06,3,13,0.43
2017-06,4,9,0.30
2017-06,5,12,0.40
2017-06,6,11,0.36
2017-07,0,3752,100.00
2017-07,1,20,0.53
2017-07,2,13,0.35
2017-07,3,9,0.24
2017-07,4,11,0.29
2017-07,5,8,0.21
2017-07,6,12,0.32
2017-08,0,4057,100.00
2017-08,1,28,0.69
2017-08,2,14,0.35
2017-08,3,11,0.27
2017-08,4,14,0.35
2017-08,5,21,0.52
2017-08,6,12,0.30
2017-09,0,4004,100.00
2017-09,1,28,0.70
2017-09,2,22,0.55
2017-09,3,11,0.27
2017-09,4,18,0.45
2017-09,5,9,0.22
2017-09,6,9,0.22
2017-10,0,4328,100.00
2017-10,1,31,0.72
2017-10,2,11,0.25
2017-10,3,4,0.09
2017-10,4,10,0.23
2017-10,5,9,0.21
2017-10,6,9,0.21
2017-11,0,7060,100.00
2017-11,1,40,0.57
2017-11,2,26,0.37
2017-11,3,12,0.17
2017-11,4,12,0.17
2017-11,5,13,0.18
2017-11,6,8,0.11
2017-12,0,5338,100.00
2017-12,1,11,0.21
2017-12,2,15,0.28
2017-12,3,18,0.34
2017-12,4,14,0.26
2017-12,5,11,0.21
2017-12,6,9,0.17
