seller_id,orders,pct_late,platform_pct_late,avg_review
06a2c3af7b3aee5d69171b0e14f0ee87,389,19.0,6.8,3.99
88460e8ebdecbfecb5f9601833981930,246,17.1,6.8,3.42
1ca7077d890b907f89be8c954a02686a,108,16.7,6.8,2.38
e5a3438891c0bfdb9394643f95273d8e,216,15.7,6.8,3.97
cd68562d3f44870c08922d380acae552,122,15.6,6.8,4.00
2c9e548be18521d1c43cde1c582c6de8,124,15.3,6.8,4.10
431af27f296bc6519d890aa5a05fdb11,116,13.8,6.8,3.78
f7ba60f8c3f99e7ee4042fdef03b70c4,218,13.8,6.8,4.22
8160255418d5aaa7dbdc9f4c64ebda44,380,13.7,6.8,3.95
